net_id,list_id,name
0,4895,Amadeus
1,3867,Sabre
2,2328,Twitter
3,3569,Facebook
4,4086,YouTube
5,1868,JSON Tools
6,8257,Travel IQ
7,6151,MetaLocator
8,4999,Google Maps
9,6352,Shopify Admin
10,5479,WooCommerce
11,7230,Magento
12,7428,Authorize.Net
13,6663,Google AdSense
14,1648,Analytics SEO
15,6981,Amazon Product Advertising
16,690,eBay Product Services
17,5957,Commission Junction
18,5225,Google AdWords
19,3874,Healthfinder.gov
20,3636,Xero
21,5837,QuickBooks Payments
22,7436,MYOB AccountRight Live
23,3211,TradeGecko
24,7966,Neto
25,5321,Kounta
26,4430,ServiceM8
27,2611,BigCommerce
28,174,Revel Systems
29,2155,Jet
30,2415,Google Plus
31,6022,Prosperent
32,2606,Skimlinks
33,4795,eBay Finding
34,4230,MailChimp
35,543,PayPal
36,3168,Google Maps Places
37,5909,Facebook Ads
38,4005,Wikipedia
39,818,Uber
40,4235,Lyft
41,2587,Waze
42,3473,Walmart Open
43,7881,Best Buy Products
44,7212,Impact Radius
45,2602,Etsy
46,236,Bter
47,4503,BitStamp HTTP
48,5982,Kraken
49,5133,HighCharts
50,4089,HighStock
51,6748,Unofficial IMDb
52,7144,Sears
53,2412,AT&T In-App Messaging
54,7397,LinkedIn
55,3743,Google OpenID
56,1535,Victoria & Albert Museum
57,3511,ApartmentsApart
58,4486,9flats
59,2157,Roomorama
60,7590,Zilyo Vacation Rental
61,2474,Stripe
62,2071,Gmail
63,991,Gimmie
64,3023,Unbounce
65,8294,LaunchRock
66,146,Pinterest Domain
67,7096,RubyGems
68,1471,Google Civic Information
69,3994,US Census Bureau
70,2559,Microsoft Bing Maps
71,5552,Google Books
72,4830,Open Library Books
73,5617,Foursquare
74,6631,Strava
75,4189,NationBuilder
76,838,Bing Maps
77,5043,TomTom Geocoding
78,2045,Telize
79,959,AngelList
80,7945,CrunchBase
81,2301,Mapbox
82,4662,Scoop.it
83,2866,Mailjet
84,7241,Salesforce.com
85,6757,HootSuite Engagement
86,6360,Jawbone UP
87,1487,Buffer
88,5890,SugarCRM
89,7083,Marketo
90,6370,Eloqua
91,3543,SendGrid
92,5850,HubSpot Leads
93,171,Twilio SMS
94,306,Infobip
95,54,Giphy
96,597,Twilio
97,1839,CNET
98,5871,GeoNames
99,3415,TimeZoneDb
100,8091,Google Geocoding
101,2285,Shopping.com
102,6658,eBay Shopping
103,3058,Viator
104,59,Google App Engine
105,7249,Scribble Maps
106,2041,GovTrack.us
107,7305,OpenSecrets
108,285,New York Times Congress
109,6577,OpenCongress
110,1987,Mailgun
111,1357,Plivo
112,4494,Sendy
113,938,Facebook Graph
114,2823,DatumBox
115,4880,Bing
116,6285,Softonic
117,6865,Clockwork SMS
118,5025,FullContact Person
119,2271,CartoDB
120,1526,Expedia
121,859,Mt Gox
122,2684,CoinDesk
123,1624,Coinbase
124,3697,Bing Maps Locations
125,5606,Bing Maps Search
126,1439,OpenStreetMap
127,7416,18amail
128,3154,140 Proof
129,3594,123ContactForm
130,3272,1Map
131,1821,Flattr
132,2097,Yahoo BOSS
133,1411,Viralheat
134,1841,Repustate
135,4399,Semantria
136,7810,Nokia Maps
137,1412,Quova
138,7287,Vine
139,1614,Tumblr
140,4293,HotelsCombined
141,6368,Hotelston
142,6973,Vimeo
143,888,Dailymotion
144,6104,Facebook Social Plugins
145,8104,Google Maps Elevation
146,4869,Google Static Maps
147,4924,Google Earth
148,2580,Google Directions
149,8217,Venmo
150,145,Mandrill
151,5100,Kiva
152,4814,Ohloh
153,741,Meetup
154,579,Launchpad
155,1362,GitHub
156,3482,ScraperWiki
157,8341,jsFiddle
158,8303,Envato
159,2660,Forrst
160,1249,Plunker
161,5951,Coderwall Profile
162,5746,Geeklist
163,3970,Oodle
164,3671,Mobile Phone Megastore
165,4131,43 Places
166,1724,Home Energy Saver
167,1634,Twitter Streaming
168,693,Google Affiliate Network
169,1024,Mogreet
170,5439,Gecko Landmarks
171,2253,TripAdvisor
172,6650,ESRI ArcGIS JavaScript
173,374,Sina Weibo
174,3537,Yahoo Mail
175,6895,Blinkx
176,1442,MapQuest
177,7322,World Weather Online Time Zone
178,3186,Gengo Human Translation
179,2985,D&B Direct
180,2319,Shopzilla
181,903,Google Shopping Search
182,4004,Sqoot
183,3124,Numbers
184,4539,OpenSkyQuery SkyPortal
185,5887,SDSS ImgCutout
186,6460,Payment Vision Pay
187,4240,Payments Gateway
188,902,Paymentwall
189,3684,geocoder
190,1384,Hoiio SMS
191,7856,Hoiio Voice
192,1885,San Francisco Crimespotting
193,7560,NYC Open Data
194,6341,Google Latitude
195,7364,IP Location
196,7331,Google Checkout
197,7544,Google Gmail OAuth
198,5962,ShopStyle
199,828,Amazon SES
200,3868,Google Provisioning
201,5140,Google Single SignOn
202,5202,LaunchBit
203,5300,Zazzle
204,7324,HP Labs Multimedia Analytic Platform
205,6441,Earth911 Search
206,3439,Google Custom Search
207,3634,Tropo Scripting
208,8250,ElderCare Locator
209,1604,SEOmoz
210,5660,ShareThis
211,3087,Bing Maps Geocode Dataflow
212,679,OpenLayers
213,5442,Your Mapper
214,632,TelAPI
215,155,Zapier
216,7431,3dCart
217,4170,ChannelAdvisor
218,2691,Ambassador
219,1365,Volusion Shopping Cart
220,3755,Highwire
221,428,Yahoo Local Search
222,5490,CityGrid
223,5130,Yipit
224,7562,UserVoice
225,7390,Dwolla
226,200,Hotelsbase
227,7463,Embedly
228,7409,Aonaware Dictionary
229,8390,True Knowledge
230,2567,Google Sites
231,1556,Acapela
232,2308,Thrutu
233,1523,Google Client Authentication
234,5968,Google Apps Email Migration
235,2615,Groupon
236,5262,8coupons
237,6950,Direct Textbook
238,3635,FCC
239,1551,eBay Merchandising
240,1879,Random House
241,6185,iRail
242,2673,Topsy
243,5444,AddThis Services
244,3897,Microsoft Bing
245,945,TripIt
246,6356,Readmill
247,6603,ConstantContact
248,5441,FanBridge
249,4146,Hotwire Travel-Ticker Deals
250,7028,Pusher
251,6614,Facebook Credits
252,3498,Google Translator Toolkit
253,7662,EPA Watershed Summary
254,4388,EPA Station Catalog
255,4151,Quizlet Flashcards
256,7578,Google Web Authentication
257,482,GetGlue
258,3280,Microsoft adCenter
259,5703,Odnoklassniki
260,3651,IP2Location
261,2983,Edmunds.com Vehicle
262,5061,Trailer Addict
263,4221,awe.sm
264,3834,Bump
265,1172,TriMet
266,5588,BART
267,226,CTA Bus Tracker
268,7369,Metro Realtime
269,806,TransiCast
270,8288,AddThis Analytics
271,7931,Google Distance Matrix
272,252,Agendize Action
273,4471,Mendeley
274,1692,PLoS Search
275,6148,New York Times Movie Reviews
276,6555,Aviary Suite
277,5950,Framey
278,4984,KooKoo
279,6472,Notifo
280,7958,Bing Maps Routes
281,6140,Public Transit Data Community
282,4232,MySpace
283,5923,Amazon Fulfillment Web Service
284,4249,Amazon Marketplace Web Service
285,2174,Social Mention
286,900,UPC Database
287,403,Kewego Video
288,7250,Yellow
289,843,Barcelona Bicing
290,5657,FreshBooks
291,8454,Gravatar
292,705,TweepSearch
293,7752,TweetFeel Twitter Sentiment
294,864,TweetSentiments
295,2967,Twitter Search
296,3319,Gigablast
297,2657,Blekko
298,2560,FAROO
299,7493,Brewery DB
300,857,What The Trend?
301,6389,ISBN db
302,5344,LibraryThing
303,7112,Qwerly
304,6909,Plancast
305,1618,Janrain Engage
306,2325,TravEnjoy
307,2878,Travelport
308,5016,MapLarge
309,6129,Miso
310,1739,Gigya
311,1288,Omgili
312,4251,SemanticHacker
313,246,Foxrate
314,2087,OneLogin
315,5609,Wordnik
316,2515,Forvo
317,1708,Voxeo
318,4054,uClassify
319,7150,TourCMS Marketplace
320,5597,Zappos
321,4703,DonorsChoose
322,5503,GreatSchools
323,7787,Yahoo Placemaker
324,936,Library of Congress SRW
325,3986,QuickFuse
326,3202,Twitgoo
327,4975,Amazon Flexible Payments Service
328,2825,Campaign Monitor
329,7425,Yahoo Internet Location Platform
330,23,WorldCat Search
331,5448,COLOURlovers
332,7794,Sensebot
333,4387,Hyves
334,7302,Yahoo GeoPlanet
335,5507,Google Book Search Book Viewability
336,4008,Friendster
337,5279,Yahoo Social Directory
338,4384,Tiny-URL Open
339,2042,Vast
340,4332,Recurly
341,189,Wine.com
342,6189,Activ Financial
343,8266,ActBlue
344,8178,Movieclips.com
345,3234,MapQuest Open Directions
346,2693,Google Shopping Content
347,8391,Evature Travel Search
348,6752,MapQuest Geocoding
349,4577,PeerIndex
350,4673,Geoloqi
351,7946,Education.com
352,3431,TwitterCounter
353,7073,Moonshadow Mobile
354,166,USGS Elevation Query Service
355,1225,AMEE
356,623,reCAPTCHA
357,5397,Adility
358,2733,RetailMeNot.com Community Ideas
359,287,DealSurf
360,4594,Urban Mapping Mapfluence
361,2034,Mapfluence
362,3716,Urban Mapping Neighborhoods
363,6095,Bol.com Open
364,1259,deviantART
365,3555,Amazonca
366,2469,Google Closure Compiler
367,4126,Genability
368,3354,Data.gov.uk
369,1337,UK Street Level Crime
370,8018,Planning Center
371,1880,Airbrake
372,5775,Amazon SNS
373,3190,iSpeech Automated Speech Recognition
374,5499,PubNub JavaScript Push
375,2131,PubNub
376,6600,Google In-App Payments
377,5793,PinnacleCart REST
378,5580,Yammer
379,5447,Boxcar
380,6393,Svpply
381,7667,Tixik
382,1099,Wolfram Alpha
383,564,PagerDuty
384,3433,EveryTrail
385,4768,geoPlugin
386,4723,Wiki-Data
387,3001,Oracle NetSuite
388,2637,VK
389,1783,dlvr.it
390,2089,GeoNB
391,8343,Primal
392,1006,PriceSpin
393,5224,Doodle
394,3251,Whois
395,3693,LocalSchoolDirectory
396,350,GovData
397,3157,I Need a Bargain
398,3879,Woot
399,7196,Moneybookers
400,5161,LiqPAY
401,2484,Blockchain Block Explorer
402,5335,PerfectMoney
403,4668,Bitfinex
404,2254,Travel Booking Network
405,1542,PeekYou Social Analytics
406,3011,VirCurEx
407,5767,Bitcurex
408,6822,Cryptsy
409,5182,Coins-E
410,6580,mcxNOW
411,2874,IP-API.com Geolocation
412,553,UC Berkeley Registration Status Check
413,1581,University of British Columbia Labs
414,1164,Bitcoin Charts / Markets
415,6666,CryptoCoin Charts
416,2938,Business Alerts
417,804,Business Profiles
418,6290,DBpedia Spotlight
419,6376,SecureNet
420,3732,CaptchaCoin
421,5292,AbeBooks
422,3029,BusinessUSA Events
423,1940,Lufthansa Open
424,448,OpenCNAM
425,2681,The Open Movie Database
426,303,Yummly
427,2951,EasyToBook
428,1418,ElasticSearch
429,754,Altmetric
430,8033,Pushover Message
431,7227,Zoho CRM
432,2906,Macy&#039;s Catalog and Store Services
433,2086,Google Maps Geolocation
434,5473,MNB Exchange Rate
435,5191,Bank of Russia Daily Info
436,3226,Central Bank of Armenia Exchange Rates
437,451,BitcoinAverage
438,1039,Skyscanner Live Pricing
439,2047,Finalsite
440,1822,Whipplehill
441,6456,Schoology
442,190,Socrata Open Data
443,5652,Yahoo Term Extraction
444,1465,zanox
445,1445,Fire Eagle
446,4633,Get Satisfaction
447,3705,BooRah Restaurant Search
448,267,Mapstraction
449,221,Science Museum
450,5755,Ordnance Survey OpenSpace
451,7899,Ustream.TV
452,4150,Hi5
453,1051,AddThis Sharing Endpoints
454,7307,Stupeflix
455,1431,Follow The Money
456,669,MapLight
457,3090,New York Times Campaign Finance
458,3515,Tagoo
459,7366,Shizzow
460,7799,sletoh.com
461,5559,PostalMethods
462,8357,Yahoo Traffic
463,7736,Wishpot Shopping
464,1226,EchoSign
465,3477,Semantic Contextual Advertising
466,1796,Tagalus
467,3229,Capitol Words
468,6848,ViaMichelin
469,5590,CloudMade
470,5817,geocoder.ca
471,3218,Veoh
472,1792,Viddler
473,6567,Ning
474,5885,Orkut
475,7466,Revver
476,5079,Kyte
477,4591,OpenSocial
478,4966,Seesmic
479,149,Ooyala Video Player
480,6723,MetaCarta
481,2096,Natureserve species
482,1083,uBio Namebank
483,441,ARKive
484,1931,Broadsoft Xtended
485,5749,Tailrank
486,1421,Blinksale
487,4348,QuarkRank
488,5123,Amazon Queue Service
489,1176,Windows Live Data
490,3762,Yahoo Travel
491,4100,SpokenBuzz
492,5598,OpenDOAR
493,5260,EarthTools
494,1895,RapLeaf
495,5915,US Yellow Pages
496,3603,ESV Bible Lookup
497,1574,Naver
498,4569,Yahoo Ads
499,5725,TypeKey
500,1069,Jigsaw
501,6773,Ifbyphone
502,5852,Yahoo Search Marketing
503,6433,OpenX
504,7997,Brightcove
505,7728,OpenSosius
506,3116,IntelePeer
507,1078,Microsoft MSDN
508,5261,ArcWeb
509,8383,Multimap
510,3092,Yahoo BBauth
511,5686,Windows Live ID Web Authentication
512,2836,TheyWorkForYou
